Address, City, State, ZIP
123 Elm St, Springfield, IL, 62701
456 Oak St, Rivertown, TX, 75001
789 Maple Ave, Greendale, OH, 44101
101 Pine Blvd, Lakeside, FL, 33101
202 Cedar Dr, Hilltop, CA, 90001
303 Birch Ln, Valleyview, TX, 75002
404 Walnut Rd, Creekside, NY, 10001
505 Ash St, Brookstone, GA, 30301
606 Redwood Dr, Clearwater, FL, 33102
707 Spruce Ln, Mountainview, CO, 80201
808 Cedar Blvd, Forest Grove, OR, 97401
909 Hickory Ave, Sunnyside, CA, 90002
1230 Maple Dr, Riverdale, IL, 60827
1342 Pine St, Eastwood, TX, 75003
1453 Birch Blvd, Greenfield, WI, 53202
1564 Oak Ln, Meadowbrook, NJ, 07101
1675 Elm Ave, Westview, CO, 80301
1786 Cedar Rd, Lakeshore, MI, 48104
1897 Willow Dr, Fairview, OH, 44102
2008 Hickory Blvd, Stonebridge, TN, 37201
2119 Ash Ave, Oakdale, MN, 55101
2230 Pine Rd, Springdale, AR, 72701
2341 Maple St, Centerville, OH, 45401
2452 Oak Blvd, Maplewood, NJ, 07040
2563 Birch Rd, Goldendale, WA, 98620
2674 Redwood Ave, Eagle Rock, CA, 90041
2785 Spruce Blvd, New Haven, CT, 06501
2896 Cedar Ln, Horizon, TX, 79901
3007 Hickory St, Clearview, VA, 22150
3118 Ash Blvd, Sunnydale, FL, 33103
3229 Maple Rd, Riverside, CA, 92501
3340 Pine Ln, Westwood, KS, 66205
3451 Oak St, Eastlake, MI, 48201
3562 Birch Ave, Crown Point, IN, 46307
3673 Cedar Blvd, Shady Grove, NC, 27601
3784 Hickory Rd, Springwood, AL, 35203
3895 Ash Ln, Crestwood, IL, 60060
4006 Willow Blvd, Broadview, NJ, 07001
4117 Maple Dr, Fairmount, IN, 46928
4228 Oak Rd, Highland Park, TX, 75205
4339 Birch St, Northbrook, IL, 60062
4450 Cedar Ave, Westfield, NJ, 07090
4561 Pine Blvd, Evergreen, CO, 80439
4672 Spruce St, Brookline, MA, 02445
4783 Hickory Ln, Cedar Falls, IA, 50613
4894 Maple Rd, Oak Grove, MO, 64075
5005 Oak Ave, Richmond, VA, 23220
5116 Birch Blvd, Southfield, MI, 48076
5227 Pine Rd, New Castle, DE, 19720
5338 Cedar St, Lakewood, OH, 44107
5449 Maple Blvd, Libertyville, IL, 60048
5560 Oak Ln, Brookfield, WI, 53005
5671 Birch Dr, Kettering, OH, 45440
5782 Redwood Blvd, Hoover, AL, 35244
5893 Spruce Ave, Belton, MO, 64012
6004 Cedar Rd, Lufkin, TX, 75901
6115 Oak Blvd, Waco, TX, 76701
6226 Pine Dr, Gainesville, FL, 32601
6337 Birch Rd, Glenview, IL, 60025
6448 Maple St, Madison, WI, 53703
6559 Cedar Blvd, O'Fallon, MO, 63366
6670 Oak Ave, Charleston, SC, 29401
6781 Pine Ln, Bristol, CT, 06010
6892 Birch Rd, Tuscaloosa, AL, 35401
7003 Redwood Dr, Champaign, IL, 61820
7114 Oak Blvd, Simi Valley, CA, 93065
7225 Maple Blvd, Valdosta, GA, 31601
7336 Birch Ave, Denver, CO, 80204
7447 Cedar St, Port St. Lucie, FL, 34952
7558 Oak Rd, St. Louis, MO, 63108
7669 Pine Blvd, Winston-Salem, NC, 27101
7780 Maple Ln, Portland, OR, 97201
7891 Birch Blvd, Baton Rouge, LA, 70808
8002 Cedar Ave, Evansville, IN, 47708
8113 Oak Dr, Flagstaff, AZ, 86001
8224 Pine Blvd, Shreveport, LA, 71109
8335 Maple Rd, Columbia, SC, 29201
8446 Cedar St, Knoxville, TN, 37919
8557 Oak Ln, Lubbock, TX, 79401
8668 Birch Blvd, Bloomington, IN, 47401
8779 Pine Rd, Erie, PA, 16501
8890 Cedar Ave, Durham, NC, 27701
9001 Oak Blvd, Peoria, IL, 61602
9112 Maple Dr, New Orleans, LA, 70112
9223 Birch Ln, Jackson, MS, 39209
9334 Cedar Rd, Hattiesburg, MS, 39401
9445 Oak Ave, Tucson, AZ, 85701
9556 Pine Blvd, Charlotte, NC, 28202
9667 Maple Blvd, Grand Rapids, MI, 49503
9778 Birch Rd, Baton Rouge, LA, 70810
9889 Cedar St, Augusta, GA, 30901
9990 Oak Dr, Fargo, ND, 58102